{"columns":["A","B"],"index":[0,1,2,3,4],"data":[[0.2002913203,0.2036406039],[2.7607190225,0.9797704074],[0.7007651704,0.848792012],[1.1724195331,-0.5230394246],[-2.2941294672,-1.4015332984]]}