{"A":{"0":0.2002913203,"1":2.7607190225,"2":0.7007651704,"3":1.1724195331,"4":-2.2941294672},"B":{"0":0.2036406039,"1":0.9797704074,"2":0.848792012,"3":-0.5230394246,"4":-1.4015332984}}