{"0":{"A":0.2002913203,"B":0.2036406039},"1":{"A":2.7607190225,"B":0.9797704074},"2":{"A":0.7007651704,"B":0.848792012},"3":{"A":1.1724195331,"B":-0.5230394246},"4":{"A":-2.2941294672,"B":-1.4015332984}}